,Componenta 1,Componenta 2,Componenta 3,Componenta 4,Componenta 5
Alcohol consumption,0.6713978926197368,0.8245233688947285,0.8245270259797345,0.8303681343725109,1.0238095238095233
Income per person,0.5275914564202352,0.6311930248359696,0.7151730689031368,0.9890934317309534,1.0238095238095246
Suicide per 100th,0.2907251800602948,0.8809181363600376,0.8836326420530243,0.9075708734651146,1.0238095238095242
Employ rate,0.40639643989877716,0.6145371738735353,0.7420655875338983,1.0235266943395005,1.0238095238095235
Urban rate,0.2891743756431193,0.44201340284089063,1.0190469704242746,1.0205934742791682,1.023809523809524
